Workbook

Sheet Feuil5
A1: Perfs | B1: perf | C1: risk | D1: Actions EU | E1: Actions US | F1: Actions JA | G1: Actions EM | H1: HY EU | I1: Oblig Diversifiées | J1: Diversification | K1: TOTAL | M1: Actions EU | N1: Actions US | O1: Actions JA | P1: Actions EM | Q1: HY EU | R1: Oblig Diversifiées | S1: Diversification
A2: {=MMULT(M2:S2,Feuil8!$B$2:$B$8)} -> 0.047003052 | B2: 0.044278187 | C2: 0.037657408 | D2: 0 | E2: 0 | F2: 0 | G2: 0 | H2: 0.458079 | I2: 0.5 | J2: 0 | K2: =SUM(D2:J2) -> 0.958079 | M2: =D2+(1-$K2)/COUNT($D2:$J2) -> 0.0059887143 | N2: =E2+(1-$K2)/COUNT($D2:$J2) -> 0.0059887143 | O2: =F2+(1-$K2)/COUNT($D2:$J2) -> 0.0059887143 | P2: =G2+(1-$K2)/COUNT($D2:$J2) -> 0.0059887143 | Q2: =H2+(1-$K2)/COUNT($D2:$J2) -> 0.46406771 | R2: =I2+(1-$K2)/COUNT($D2:$J2) -> 0.50598871 | S2: =J2+(1-$K2)/COUNT($D2:$J2) -> 0.0059887143
A3: {=MMULT(M3:S3,Feuil8!$B$2:$B$8)} -> 0.046946904 | B3: 0.044526174 | C3: 0.037858225 | D3: 0 | E3: 0 | F3: 0 | G3: 0 | H3: 0.462758 | I3: 0.5 | J3: 0 | K3: =SUM(D3:J3) -> 0.962758 | M3: =D3+(1-$K3)/COUNT($D3:$J3) -> 0.0053202857 | N3: =E3+(1-$K3)/COUNT($D3:$J3) -> 0.0053202857 | O3: =F3+(1-$K3)/COUNT($D3:$J3) -> 0.0053202857 | P3: =G3+(1-$K3)/COUNT($D3:$J3) -> 0.0053202857 | Q3: =H3+(1-$K3)/COUNT($D3:$J3) -> 0.46807829 | R3: =I3+(1-$K3)/COUNT($D3:$J3) -> 0.50532029 | S3: =J3+(1-$K3)/COUNT($D3:$J3) -> 0.0053202857
A4: {=MMULT(M4:S4,Feuil8!$B$2:$B$8)} -> 0.046884852 | B4: 0.044800237 | C4: 0.038080513 | D4: 0 | E4: 0 | F4: 0 | G4: 0 | H4: 0.467929 | I4: 0.5 | J4: 0 | K4: =SUM(D4:J4) -> 0.967929 | M4: =D4+(1-$K4)/COUNT($D4:$J4) -> 0.0045815714 | N4: =E4+(1-$K4)/COUNT($D4:$J4) -> 0.0045815714 | O4: =F4+(1-$K4)/COUNT($D4:$J4) -> 0.0045815714 | P4: =G4+(1-$K4)/COUNT($D4:$J4) -> 0.0045815714 | Q4: =H4+(1-$K4)/COUNT($D4:$J4) -> 0.47251057 | R4: =I4+(1-$K4)/COUNT($D4:$J4) -> 0.50458157 | S4: =J4+(1-$K4)/COUNT($D4:$J4) -> 0.0045815714
A5: {=MMULT(M5:S5,Feuil8!$B$2:$B$8)} -> 0.046815912 | B5: 0.045104722 | C5: 0.038327905 | D5: 0 | E5: 0 | F5: 0 | G5: 0 | H5: 0.473674 | I5: 0.5 | J5: 0 | K5: =SUM(D5:J5) -> 0.973674 | M5: =D5+(1-$K5)/COUNT($D5:$J5) -> 0.0037608571 | N5: =E5+(1-$K5)/COUNT($D5:$J5) -> 0.0037608571 | O5: =F5+(1-$K5)/COUNT($D5:$J5) -> 0.0037608571 | P5: =G5+(1-$K5)/COUNT($D5:$J5) -> 0.0037608571 | Q5: =H5+(1-$K5)/COUNT($D5:$J5) -> 0.47743486 | R5: =I5+(1-$K5)/COUNT($D5:$J5) -> 0.50376086 | S5: =J5+(1-$K5)/COUNT($D5:$J5) -> 0.0037608571
A6: {=MMULT(M6:S6,Feuil8!$B$2:$B$8)} -> 0.046738896 | B6: 0.045444876 | C6: 0.038604802 | D6: 0 | E6: 0 | F6: 0 | G6: 0 | H6: 0.480092 | I6: 0.5 | J6: 0 | K6: =SUM(D6:J6) -> 0.980092 | M6: =D6+(1-$K6)/COUNT($D6:$J6) -> 0.002844 | N6: =E6+(1-$K6)/COUNT($D6:$J6) -> 0.002844 | O6: =F6+(1-$K6)/COUNT($D6:$J6) -> 0.002844 | P6: =G6+(1-$K6)/COUNT($D6:$J6) -> 0.002844 | Q6: =H6+(1-$K6)/COUNT($D6:$J6) -> 0.482936 | R6: =I6+(1-$K6)/COUNT($D6:$J6) -> 0.502844 | S6: =J6+(1-$K6)/COUNT($D6:$J6) -> 0.002844
A7: {=MMULT(M7:S7,Feuil8!$B$2:$B$8)} -> 0.046652268 | B7: 0.045827483 | C7: 0.038916904 | D7: 0 | E7: 0 | F7: 0 | G7: 0 | H7: 0.487311 | I7: 0.5 | J7: 0 | K7: =SUM(D7:J7) -> 0.987311 | M7: =D7+(1-$K7)/COUNT($D7:$J7) -> 0.0018127143 | N7: =E7+(1-$K7)/COUNT($D7:$J7) -> 0.0018127143 | O7: =F7+(1-$K7)/COUNT($D7:$J7) -> 0.0018127143 | P7: =G7+(1-$K7)/COUNT($D7:$J7) -> 0.0018127143 | Q7: =H7+(1-$K7)/COUNT($D7:$J7) -> 0.48912371 | R7: =I7+(1-$K7)/COUNT($D7:$J7) -> 0.50181271 | S7: =J7+(1-$K7)/COUNT($D7:$J7) -> 0.0018127143
A8: {=MMULT(M8:S8,Feuil8!$B$2:$B$8)} -> 0.046554132 | B8: 0.046260917 | C8: 0.039271274 | D8: 0 | E8: 0 | F8: 0 | G8: 0 | H8: 0.495489 | I8: 0.5 | J8: 0 | K8: =SUM(D8:J8) -> 0.995489 | M8: =D8+(1-$K8)/COUNT($D8:$J8) -> 0.00064442857 | N8: =E8+(1-$K8)/COUNT($D8:$J8) -> 0.00064442857 | O8: =F8+(1-$K8)/COUNT($D8:$J8) -> 0.00064442857 | P8: =G8+(1-$K8)/COUNT($D8:$J8) -> 0.00064442857 | Q8: =H8+(1-$K8)/COUNT($D8:$J8) -> 0.49613343 | R8: =I8+(1-$K8)/COUNT($D8:$J8) -> 0.50064443 | S8: =J8+(1-$K8)/COUNT($D8:$J8) -> 0.00064442857
A9: {=MMULT(M9:S9,Feuil8!$B$2:$B$8)} -> 0.04700001 | B9: 0.04700001 | C9: 0.039637146 | D9: 0 | E9: 0 | F9: 0.017957 | G9: 0 | H9: 0.482766 | I9: 0.495397 | J9: 0.00388 | K9: =SUM(D9:J9) -> 1 | M9: =D9+(1-$K9)/COUNT($D9:$J9) -> 0 | N9: =E9+(1-$K9)/COUNT($D9:$J9) -> 0 | O9: =F9+(1-$K9)/COUNT($D9:$J9) -> 0.017957 | P9: =G9+(1-$K9)/COUNT($D9:$J9) -> 0 | Q9: =H9+(1-$K9)/COUNT($D9:$J9) -> 0.482766 | R9: =I9+(1-$K9)/COUNT($D9:$J9) -> 0.495397 | S9: =J9+(1-$K9)/COUNT($D9:$J9) -> 0.00388
A10: {=MMULT(M10:S10,Feuil8!$B$2:$B$8)} -> 0.047999997 | B10: 0.047999997 | C10: 0.040409771 | D10: 0 | E10: 0 | F10: 0.028622 | G10: 0.000817 | H10: 0.5 | I10: 0.448919 | J10: 0.021642 | K10: =SUM(D10:J10) -> 1 | M10: =D10+(1-$K10)/COUNT($D10:$J10) -> 0 | N10: =E10+(1-$K10)/COUNT($D10:$J10) -> 0 | O10: =F10+(1-$K10)/COUNT($D10:$J10) -> 0.028622 | P10: =G10+(1-$K10)/COUNT($D10:$J10) -> 0.000817 | Q10: =H10+(1-$K10)/COUNT($D10:$J10) -> 0.5 | R10: =I10+(1-$K10)/COUNT($D10:$J10) -> 0.448919 | S10: =J10+(1-$K10)/COUNT($D10:$J10) -> 0.021642
A11: {=MMULT(M11:S11,Feuil8!$B$2:$B$8)} -> 0.049000004 | B11: 0.049000064 | C11: 0.041485986 | D11: 0 | E11: 0 | F11: 0.034664 | G11: 0.018152 | H11: 0.5 | I11: 0.425421 | J11: 0.021763 | K11: =SUM(D11:J11) -> 1 | M11: =D11+(1-$K11)/COUNT($D11:$J11) -> 0 | N11: =E11+(1-$K11)/COUNT($D11:$J11) -> 0 | O11: =F11+(1-$K11)/COUNT($D11:$J11) -> 0.034664 | P11: =G11+(1-$K11)/COUNT($D11:$J11) -> 0.018152 | Q11: =H11+(1-$K11)/COUNT($D11:$J11) -> 0.5 | R11: =I11+(1-$K11)/COUNT($D11:$J11) -> 0.425421 | S11: =J11+(1-$K11)/COUNT($D11:$J11) -> 0.021763
A12: {=MMULT(M12:S12,Feuil8!$B$2:$B$8)} -> 0.050000006 | B12: 0.050000006 | C12: 0.042777617 | D12: 0 | E12: 0 | F12: 0.040706 | G12: 0.035486 | H12: 0.5 | I12: 0.401922 | J12: 0.021886 | K12: =SUM(D12:J12) -> 1 | M12: =D12+(1-$K12)/COUNT($D12:$J12) -> 0 | N12: =E12+(1-$K12)/COUNT($D12:$J12) -> 0 | O12: =F12+(1-$K12)/COUNT($D12:$J12) -> 0.040706 | P12: =G12+(1-$K12)/COUNT($D12:$J12) -> 0.035486 | Q12: =H12+(1-$K12)/COUNT($D12:$J12) -> 0.5 | R12: =I12+(1-$K12)/COUNT($D12:$J12) -> 0.401922 | S12: =J12+(1-$K12)/COUNT($D12:$J12) -> 0.021886
A13: {=MMULT(M13:S13,Feuil8!$B$2:$B$8)} -> 0.050999992 | B13: 0.050999992 | C13: 0.044268141 | D13: 0 | E13: 0 | F13: 0.048107 | G13: 0.05 | H13: 0.5 | I13: 0.375986 | J13: 0.025907 | K13: =SUM(D13:J13) -> 1 | M13: =D13+(1-$K13)/COUNT($D13:$J13) -> 1.5860329e-17 | N13: =E13+(1-$K13)/COUNT($D13:$J13) -> 1.5860329e-17 | O13: =F13+(1-$K13)/COUNT($D13:$J13) -> 0.048107 | P13: =G13+(1-$K13)/COUNT($D13:$J13) -> 0.05 | Q13: =H13+(1-$K13)/COUNT($D13:$J13) -> 0.5 | R13: =I13+(1-$K13)/COUNT($D13:$J13) -> 0.375986 | S13: =J13+(1-$K13)/COUNT($D13:$J13) -> 0.025907
... A47: {=MMULT(M47:S47,Feuil8!$B$2:$B$8)} -> 0.071300855 | B47: 0.07063974 | C47: 0.12737551 | D47: 0.4 | E47: 0.4 | F47: 0.1 | G47: 0.05 | H47: 0 | I47: 0 | J47: 0.039829 | K47: =SUM(D47:J47) -> 0.989829 | M47: =D47+(1-$K47)/COUNT($D47:$J47) -> 0.401453 | N47: =E47+(1-$K47)/COUNT($D47:$J47) -> 0.401453 | O47: =F47+(1-$K47)/COUNT($D47:$J47) -> 0.101453 | P47: =G47+(1-$K47)/COUNT($D47:$J47) -> 0.051453 | Q47: =H47+(1-$K47)/COUNT($D47:$J47) -> 0.001453 | R47: =I47+(1-$K47)/COUNT($D47:$J47) -> 0.001453 | S47: =J47+(1-$K47)/COUNT($D47:$J47) -> 0.041282

Sheet Feuil8
B2: 0.07
B3: 0.071
B4: 0.076
B5: 0.085
B6: 0.053
B7: 0.04
B8: 0.06
